uuid,name,createDate,updateDate
act-7d52819d-51f4-4118-9b56-dc442177e273,List,2025-01-07 12:21:47.184,2025-01-07 12:21:47.184
act-b0c57c55-c303-4797-ad8a-473efbc9661a,Update,2025-01-07 12:21:47.185,2025-01-07 12:21:47.185
act-68cf8096-7d32-4f3a-9e1a-9d52df705a52,Activate,2025-01-07 12:21:47.185,2025-01-07 12:21:47.185
act-a1884b10-5083-4994-b986-9b774d7c63b7,Upload,2025-01-07 12:21:47.185,2025-01-07 12:21:47.185
act-5fa97cde-7a21-4f89-8110-10a373eb0200,Delete,2025-01-07 12:21:47.185,2025-01-07 12:21:47.185
act-71d8f847-d82c-4ba6-a5d4-c744f2fce496,Get,2025-01-07 12:21:47.184,2025-01-07 12:21:47.184
act-b09de2c4-0bec-4fd3-9241-9a3a050afbfb,Initialise,2025-01-07 12:21:47.185,2025-01-07 12:21:47.185
act-684bc7eb-77ef-4249-88c7-72020f1e2191,Execute,2025-01-07 12:21:47.185,2025-01-07 12:21:47.185
act-44d16d9f-6487-4e05-a10a-ce5124f5a1a4,Create,2025-01-07 12:21:47.185,2025-01-07 12:21:47.185
