resourceId,actionId
res-aa99c86d-8976-49c1-8a33-f677bc528ad1,act-7d52819d-51f4-4118-9b56-dc442177e273
res-aa99c86d-8976-49c1-8a33-f677bc528ad1,act-71d8f847-d82c-4ba6-a5d4-c744f2fce496
res-aa99c86d-8976-49c1-8a33-f677bc528ad1,act-b0c57c55-c303-4797-ad8a-473efbc9661a
res-48baf711-9a53-494a-a01f-bd45954dd003,act-b0c57c55-c303-4797-ad8a-473efbc9661a
res-d5cb7bad-72c7-43cb-8be8-0563009eda20,act-7d52819d-51f4-4118-9b56-dc442177e273
res-d5cb7bad-72c7-43cb-8be8-0563009eda20,act-5fa97cde-7a21-4f89-8110-10a373eb0200
res-9d901635-7a61-4729-9025-82421a35d1a0,act-44d16d9f-6487-4e05-a10a-ce5124f5a1a4
res-9d901635-7a61-4729-9025-82421a35d1a0,act-5fa97cde-7a21-4f89-8110-10a373eb0200
res-25fb92b2-fe1d-4636-a7c7-61b6d32ef8dd,act-7d52819d-51f4-4118-9b56-dc442177e273
res-c416d672-2c40-400e-9ffc-6f9329a3840f,act-b0c57c55-c303-4797-ad8a-473efbc9661a
res-3f09edf5-caff-40ce-82f4-467bd6ede88c,act-71d8f847-d82c-4ba6-a5d4-c744f2fce496
res-adf920d7-03f7-4da8-a28b-ed5ce6d797ff,act-7d52819d-51f4-4118-9b56-dc442177e273
res-7916f079-089d-4bd9-8846-c1dcd61bfa71,act-684bc7eb-77ef-4249-88c7-72020f1e2191
res-ac222a80-2347-4bd0-a143-22242a60e7c0,act-71d8f847-d82c-4ba6-a5d4-c744f2fce496
res-e76333bb-e5bf-4aea-a532-9bc350558aad,act-7d52819d-51f4-4118-9b56-dc442177e273
res-7ab1c1b8-4d55-431b-a0d0-cba5ad171352,act-68cf8096-7d32-4f3a-9e1a-9d52df705a52
res-f17452b3-7871-44a3-977c-6c47cc7da8ac,act-684bc7eb-77ef-4249-88c7-72020f1e2191
res-885598c5-c917-480a-950e-3e13b126ae65,act-71d8f847-d82c-4ba6-a5d4-c744f2fce496
res-e03a6b24-d4ca-4edf-81bd-7e23bd78f184,act-5fa97cde-7a21-4f89-8110-10a373eb0200
res-e03a6b24-d4ca-4edf-81bd-7e23bd78f184,act-7d52819d-51f4-4118-9b56-dc442177e273
res-88be2472-a444-49dc-8e02-0981d067f5d7,act-71d8f847-d82c-4ba6-a5d4-c744f2fce496
res-265dbb63-1665-4cc7-b7c9-0d9a1ed84176,act-71d8f847-d82c-4ba6-a5d4-c744f2fce496
res-c54238d3-0d05-4c6c-a2ea-06a2d320e199,act-7d52819d-51f4-4118-9b56-dc442177e273
res-c54238d3-0d05-4c6c-a2ea-06a2d320e199,act-b0c57c55-c303-4797-ad8a-473efbc9661a
res-2e3bb96d-3c5c-4d60-bccb-6e842762b44b,act-5fa97cde-7a21-4f89-8110-10a373eb0200
res-f8eb22c7-51aa-45d7-ae6e-01a8d3e08397,act-7d52819d-51f4-4118-9b56-dc442177e273
res-f8eb22c7-51aa-45d7-ae6e-01a8d3e08397,act-44d16d9f-6487-4e05-a10a-ce5124f5a1a4
res-7c414cb7-62f6-4b21-b9ac-739c2366b685,act-44d16d9f-6487-4e05-a10a-ce5124f5a1a4
res-7c414cb7-62f6-4b21-b9ac-739c2366b685,act-b0c57c55-c303-4797-ad8a-473efbc9661a
res-56d197aa-9ede-49ce-a71b-331134e8cc1d,act-7d52819d-51f4-4118-9b56-dc442177e273
res-4d4dfa45-ec92-44eb-977c-30838fd895b4,act-7d52819d-51f4-4118-9b56-dc442177e273
res-4d4dfa45-ec92-44eb-977c-30838fd895b4,act-44d16d9f-6487-4e05-a10a-ce5124f5a1a4
res-4d4dfa45-ec92-44eb-977c-30838fd895b4,act-5fa97cde-7a21-4f89-8110-10a373eb0200
res-0c9a2b62-e163-496e-886f-9f49edf919d6,act-7d52819d-51f4-4118-9b56-dc442177e273
res-cae0f37f-9de9-406f-80d7-54effe6f2423,act-71d8f847-d82c-4ba6-a5d4-c744f2fce496
res-cae0f37f-9de9-406f-80d7-54effe6f2423,act-44d16d9f-6487-4e05-a10a-ce5124f5a1a4
res-e479ad57-4e7a-4164-a0ee-c7facf72d9bb,act-44d16d9f-6487-4e05-a10a-ce5124f5a1a4
res-e479ad57-4e7a-4164-a0ee-c7facf72d9bb,act-b0c57c55-c303-4797-ad8a-473efbc9661a
res-02e1cd67-e569-4871-8419-a697e2b31dac,act-7d52819d-51f4-4118-9b56-dc442177e273
res-aa99c86d-8976-49c1-8a33-f677bc528ad1,act-5fa97cde-7a21-4f89-8110-10a373eb0200
res-48baf711-9a53-494a-a01f-bd45954dd003,act-44d16d9f-6487-4e05-a10a-ce5124f5a1a4
res-d5cb7bad-72c7-43cb-8be8-0563009eda20,act-71d8f847-d82c-4ba6-a5d4-c744f2fce496
res-d5cb7bad-72c7-43cb-8be8-0563009eda20,act-44d16d9f-6487-4e05-a10a-ce5124f5a1a4
res-dc6bf0f7-71c4-46c9-ba19-52ebcc6581df,act-684bc7eb-77ef-4249-88c7-72020f1e2191
res-9d901635-7a61-4729-9025-82421a35d1a0,act-71d8f847-d82c-4ba6-a5d4-c744f2fce496
res-9d901635-7a61-4729-9025-82421a35d1a0,act-b0c57c55-c303-4797-ad8a-473efbc9661a
res-25fb92b2-fe1d-4636-a7c7-61b6d32ef8dd,act-71d8f847-d82c-4ba6-a5d4-c744f2fce496
res-c416d672-2c40-400e-9ffc-6f9329a3840f,act-5fa97cde-7a21-4f89-8110-10a373eb0200
res-3f09edf5-caff-40ce-82f4-467bd6ede88c,act-7d52819d-51f4-4118-9b56-dc442177e273
res-3f09edf5-caff-40ce-82f4-467bd6ede88c,act-5fa97cde-7a21-4f89-8110-10a373eb0200
res-c9de0345-b0c3-454b-837c-00302fee83fa,act-684bc7eb-77ef-4249-88c7-72020f1e2191
res-ac222a80-2347-4bd0-a143-22242a60e7c0,act-5fa97cde-7a21-4f89-8110-10a373eb0200
res-ac222a80-2347-4bd0-a143-22242a60e7c0,act-44d16d9f-6487-4e05-a10a-ce5124f5a1a4
res-7ab1c1b8-4d55-431b-a0d0-cba5ad171352,act-7d52819d-51f4-4118-9b56-dc442177e273
res-885598c5-c917-480a-950e-3e13b126ae65,act-7d52819d-51f4-4118-9b56-dc442177e273
res-885598c5-c917-480a-950e-3e13b126ae65,act-a1884b10-5083-4994-b986-9b774d7c63b7
res-e03a6b24-d4ca-4edf-81bd-7e23bd78f184,act-44d16d9f-6487-4e05-a10a-ce5124f5a1a4
res-e03a6b24-d4ca-4edf-81bd-7e23bd78f184,act-b0c57c55-c303-4797-ad8a-473efbc9661a
res-88be2472-a444-49dc-8e02-0981d067f5d7,act-7d52819d-51f4-4118-9b56-dc442177e273
res-265dbb63-1665-4cc7-b7c9-0d9a1ed84176,act-7d52819d-51f4-4118-9b56-dc442177e273
res-c54238d3-0d05-4c6c-a2ea-06a2d320e199,act-44d16d9f-6487-4e05-a10a-ce5124f5a1a4
res-c54238d3-0d05-4c6c-a2ea-06a2d320e199,act-71d8f847-d82c-4ba6-a5d4-c744f2fce496
res-2e3bb96d-3c5c-4d60-bccb-6e842762b44b,act-44d16d9f-6487-4e05-a10a-ce5124f5a1a4
res-2e3bb96d-3c5c-4d60-bccb-6e842762b44b,act-b0c57c55-c303-4797-ad8a-473efbc9661a
res-f8eb22c7-51aa-45d7-ae6e-01a8d3e08397,act-71d8f847-d82c-4ba6-a5d4-c744f2fce496
res-f8eb22c7-51aa-45d7-ae6e-01a8d3e08397,act-5fa97cde-7a21-4f89-8110-10a373eb0200
res-7c414cb7-62f6-4b21-b9ac-739c2366b685,act-5fa97cde-7a21-4f89-8110-10a373eb0200
res-56d197aa-9ede-49ce-a71b-331134e8cc1d,act-71d8f847-d82c-4ba6-a5d4-c744f2fce496
res-56d197aa-9ede-49ce-a71b-331134e8cc1d,act-b0c57c55-c303-4797-ad8a-473efbc9661a
res-4d4dfa45-ec92-44eb-977c-30838fd895b4,act-71d8f847-d82c-4ba6-a5d4-c744f2fce496
res-e50c3966-be3e-48bf-a1cf-782ee69cd8e7,act-7d52819d-51f4-4118-9b56-dc442177e273
res-e50c3966-be3e-48bf-a1cf-782ee69cd8e7,act-44d16d9f-6487-4e05-a10a-ce5124f5a1a4
res-cae0f37f-9de9-406f-80d7-54effe6f2423,act-7d52819d-51f4-4118-9b56-dc442177e273
res-cae0f37f-9de9-406f-80d7-54effe6f2423,act-b0c57c55-c303-4797-ad8a-473efbc9661a
res-e479ad57-4e7a-4164-a0ee-c7facf72d9bb,act-71d8f847-d82c-4ba6-a5d4-c744f2fce496
res-aa99c86d-8976-49c1-8a33-f677bc528ad1,act-44d16d9f-6487-4e05-a10a-ce5124f5a1a4
res-48baf711-9a53-494a-a01f-bd45954dd003,act-71d8f847-d82c-4ba6-a5d4-c744f2fce496
res-48baf711-9a53-494a-a01f-bd45954dd003,act-7d52819d-51f4-4118-9b56-dc442177e273
res-48baf711-9a53-494a-a01f-bd45954dd003,act-5fa97cde-7a21-4f89-8110-10a373eb0200
res-d5cb7bad-72c7-43cb-8be8-0563009eda20,act-b0c57c55-c303-4797-ad8a-473efbc9661a
res-ef66cce4-ae17-4924-a704-b8645dff2d4c,act-684bc7eb-77ef-4249-88c7-72020f1e2191
res-9d901635-7a61-4729-9025-82421a35d1a0,act-7d52819d-51f4-4118-9b56-dc442177e273
res-25fb92b2-fe1d-4636-a7c7-61b6d32ef8dd,act-44d16d9f-6487-4e05-a10a-ce5124f5a1a4
res-25fb92b2-fe1d-4636-a7c7-61b6d32ef8dd,act-b0c57c55-c303-4797-ad8a-473efbc9661a
res-c416d672-2c40-400e-9ffc-6f9329a3840f,act-44d16d9f-6487-4e05-a10a-ce5124f5a1a4
res-adf920d7-03f7-4da8-a28b-ed5ce6d797ff,act-5fa97cde-7a21-4f89-8110-10a373eb0200
res-adf920d7-03f7-4da8-a28b-ed5ce6d797ff,act-44d16d9f-6487-4e05-a10a-ce5124f5a1a4
res-adf920d7-03f7-4da8-a28b-ed5ce6d797ff,act-71d8f847-d82c-4ba6-a5d4-c744f2fce496
res-ac222a80-2347-4bd0-a143-22242a60e7c0,act-b0c57c55-c303-4797-ad8a-473efbc9661a
res-e76333bb-e5bf-4aea-a532-9bc350558aad,act-71d8f847-d82c-4ba6-a5d4-c744f2fce496
res-e76333bb-e5bf-4aea-a532-9bc350558aad,act-5fa97cde-7a21-4f89-8110-10a373eb0200
res-0e863477-cdf0-44d7-bfe1-127f61c8c372,act-b09de2c4-0bec-4fd3-9241-9a3a050afbfb
res-0e863477-cdf0-44d7-bfe1-127f61c8c372,act-7d52819d-51f4-4118-9b56-dc442177e273
res-e03a6b24-d4ca-4edf-81bd-7e23bd78f184,act-71d8f847-d82c-4ba6-a5d4-c744f2fce496
res-88be2472-a444-49dc-8e02-0981d067f5d7,act-44d16d9f-6487-4e05-a10a-ce5124f5a1a4
res-88be2472-a444-49dc-8e02-0981d067f5d7,act-b0c57c55-c303-4797-ad8a-473efbc9661a
res-88be2472-a444-49dc-8e02-0981d067f5d7,act-5fa97cde-7a21-4f89-8110-10a373eb0200
res-c54238d3-0d05-4c6c-a2ea-06a2d320e199,act-5fa97cde-7a21-4f89-8110-10a373eb0200
res-2e3bb96d-3c5c-4d60-bccb-6e842762b44b,act-71d8f847-d82c-4ba6-a5d4-c744f2fce496
res-2e3bb96d-3c5c-4d60-bccb-6e842762b44b,act-7d52819d-51f4-4118-9b56-dc442177e273
res-f8eb22c7-51aa-45d7-ae6e-01a8d3e08397,act-b0c57c55-c303-4797-ad8a-473efbc9661a
res-7c414cb7-62f6-4b21-b9ac-739c2366b685,act-71d8f847-d82c-4ba6-a5d4-c744f2fce496
res-7c414cb7-62f6-4b21-b9ac-739c2366b685,act-7d52819d-51f4-4118-9b56-dc442177e273
res-56d197aa-9ede-49ce-a71b-331134e8cc1d,act-44d16d9f-6487-4e05-a10a-ce5124f5a1a4
res-4d4dfa45-ec92-44eb-977c-30838fd895b4,act-b0c57c55-c303-4797-ad8a-473efbc9661a
res-56d197aa-9ede-49ce-a71b-331134e8cc1d,act-5fa97cde-7a21-4f89-8110-10a373eb0200
res-e50c3966-be3e-48bf-a1cf-782ee69cd8e7,act-71d8f847-d82c-4ba6-a5d4-c744f2fce496
res-e50c3966-be3e-48bf-a1cf-782ee69cd8e7,act-5fa97cde-7a21-4f89-8110-10a373eb0200
res-e50c3966-be3e-48bf-a1cf-782ee69cd8e7,act-b0c57c55-c303-4797-ad8a-473efbc9661a
res-cae0f37f-9de9-406f-80d7-54effe6f2423,act-5fa97cde-7a21-4f89-8110-10a373eb0200
res-e479ad57-4e7a-4164-a0ee-c7facf72d9bb,act-5fa97cde-7a21-4f89-8110-10a373eb0200
res-e479ad57-4e7a-4164-a0ee-c7facf72d9bb,act-7d52819d-51f4-4118-9b56-dc442177e273
